[
{
  "model": "auth.permission",
  "pk": 1,
  "fields": {
    "name": "Can add log entry",
    "content_type": 1,
    "codename": "add_logentry"
  }
},
{
  "model": "auth.permission",
  "pk": 2,
  "fields": {
    "name": "Can change log entry",
    "content_type": 1,
    "codename": "change_logentry"
  }
},
{
  "model": "auth.permission",
  "pk": 3,
  "fields": {
    "name": "Can delete log entry",
    "content_type": 1,
    "codename": "delete_logentry"
  }
},
{
  "model": "auth.permission",
  "pk": 4,
  "fields": {
    "name": "Can view log entry",
    "content_type": 1,
    "codename": "view_logentry"
  }
},
{
  "model": "auth.permission",
  "pk": 5,
  "fields": {
    "name": "Can add permission",
    "content_type": 2,
    "codename": "add_permission"
  }
},
{
  "model": "auth.permission",
  "pk": 6,
  "fields": {
    "name": "Can change permission",
    "content_type": 2,
    "codename": "change_permission"
  }
},
{
  "model": "auth.permission",
  "pk": 7,
  "fields": {
    "name": "Can delete permission",
    "content_type": 2,
    "codename": "delete_permission"
  }
},
{
  "model": "auth.permission",
  "pk": 8,
  "fields": {
    "name": "Can view permission",
    "content_type": 2,
    "codename": "view_permission"
  }
},
{
  "model": "auth.permission",
  "pk": 9,
  "fields": {
    "name": "Can add group",
    "content_type": 3,
    "codename": "add_group"
  }
},
{
  "model": "auth.permission",
  "pk": 10,
  "fields": {
    "name": "Can change group",
    "content_type": 3,
    "codename": "change_group"
  }
},
{
  "model": "auth.permission",
  "pk": 11,
  "fields": {
    "name": "Can delete group",
    "content_type": 3,
    "codename": "delete_group"
  }
},
{
  "model": "auth.permission",
  "pk": 12,
  "fields": {
    "name": "Can view group",
    "content_type": 3,
    "codename": "view_group"
  }
},
{
  "model": "auth.permission",
  "pk": 13,
  "fields": {
    "name": "Can add content type",
    "content_type": 4,
    "codename": "add_contenttype"
  }
},
{
  "model": "auth.permission",
  "pk": 14,
  "fields": {
    "name": "Can change content type",
    "content_type": 4,
    "codename": "change_contenttype"
  }
},
{
  "model": "auth.permission",
  "pk": 15,
  "fields": {
    "name": "Can delete content type",
    "content_type": 4,
    "codename": "delete_contenttype"
  }
},
{
  "model": "auth.permission",
  "pk": 16,
  "fields": {
    "name": "Can view content type",
    "content_type": 4,
    "codename": "view_contenttype"
  }
},
{
  "model": "auth.permission",
  "pk": 17,
  "fields": {
    "name": "Can add session",
    "content_type": 5,
    "codename": "add_session"
  }
},
{
  "model": "auth.permission",
  "pk": 18,
  "fields": {
    "name": "Can change session",
    "content_type": 5,
    "codename": "change_session"
  }
},
{
  "model": "auth.permission",
  "pk": 19,
  "fields": {
    "name": "Can delete session",
    "content_type": 5,
    "codename": "delete_session"
  }
},
{
  "model": "auth.permission",
  "pk": 20,
  "fields": {
    "name": "Can view session",
    "content_type": 5,
    "codename": "view_session"
  }
},
{
  "model": "auth.permission",
  "pk": 21,
  "fields": {
    "name": "Can add Usuário",
    "content_type": 6,
    "codename": "add_user"
  }
},
{
  "model": "auth.permission",
  "pk": 22,
  "fields": {
    "name": "Can change Usuário",
    "content_type": 6,
    "codename": "change_user"
  }
},
{
  "model": "auth.permission",
  "pk": 23,
  "fields": {
    "name": "Can delete Usuário",
    "content_type": 6,
    "codename": "delete_user"
  }
},
{
  "model": "auth.permission",
  "pk": 24,
  "fields": {
    "name": "Can view Usuário",
    "content_type": 6,
    "codename": "view_user"
  }
},
{
  "model": "auth.permission",
  "pk": 25,
  "fields": {
    "name": "Can add pessoa",
    "content_type": 7,
    "codename": "add_pessoa"
  }
},
{
  "model": "auth.permission",
  "pk": 26,
  "fields": {
    "name": "Can change pessoa",
    "content_type": 7,
    "codename": "change_pessoa"
  }
},
{
  "model": "auth.permission",
  "pk": 27,
  "fields": {
    "name": "Can delete pessoa",
    "content_type": 7,
    "codename": "delete_pessoa"
  }
},
{
  "model": "auth.permission",
  "pk": 28,
  "fields": {
    "name": "Can view pessoa",
    "content_type": 7,
    "codename": "view_pessoa"
  }
},
{
  "model": "auth.permission",
  "pk": 29,
  "fields": {
    "name": "Can add telefone",
    "content_type": 8,
    "codename": "add_telefone"
  }
},
{
  "model": "auth.permission",
  "pk": 30,
  "fields": {
    "name": "Can change telefone",
    "content_type": 8,
    "codename": "change_telefone"
  }
},
{
  "model": "auth.permission",
  "pk": 31,
  "fields": {
    "name": "Can delete telefone",
    "content_type": 8,
    "codename": "delete_telefone"
  }
},
{
  "model": "auth.permission",
  "pk": 32,
  "fields": {
    "name": "Can view telefone",
    "content_type": 8,
    "codename": "view_telefone"
  }
},
{
  "model": "auth.permission",
  "pk": 33,
  "fields": {
    "name": "Can add endereco",
    "content_type": 9,
    "codename": "add_endereco"
  }
},
{
  "model": "auth.permission",
  "pk": 34,
  "fields": {
    "name": "Can change endereco",
    "content_type": 9,
    "codename": "change_endereco"
  }
},
{
  "model": "auth.permission",
  "pk": 35,
  "fields": {
    "name": "Can delete endereco",
    "content_type": 9,
    "codename": "delete_endereco"
  }
},
{
  "model": "auth.permission",
  "pk": 36,
  "fields": {
    "name": "Can view endereco",
    "content_type": 9,
    "codename": "view_endereco"
  }
},
{
  "model": "auth.permission",
  "pk": 37,
  "fields": {
    "name": "Can add categoria",
    "content_type": 10,
    "codename": "add_categoria"
  }
},
{
  "model": "auth.permission",
  "pk": 38,
  "fields": {
    "name": "Can change categoria",
    "content_type": 10,
    "codename": "change_categoria"
  }
},
{
  "model": "auth.permission",
  "pk": 39,
  "fields": {
    "name": "Can delete categoria",
    "content_type": 10,
    "codename": "delete_categoria"
  }
},
{
  "model": "auth.permission",
  "pk": 40,
  "fields": {
    "name": "Can view categoria",
    "content_type": 10,
    "codename": "view_categoria"
  }
},
{
  "model": "auth.permission",
  "pk": 41,
  "fields": {
    "name": "Can add produto",
    "content_type": 11,
    "codename": "add_produto"
  }
},
{
  "model": "auth.permission",
  "pk": 42,
  "fields": {
    "name": "Can change produto",
    "content_type": 11,
    "codename": "change_produto"
  }
},
{
  "model": "auth.permission",
  "pk": 43,
  "fields": {
    "name": "Can delete produto",
    "content_type": 11,
    "codename": "delete_produto"
  }
},
{
  "model": "auth.permission",
  "pk": 44,
  "fields": {
    "name": "Can view produto",
    "content_type": 11,
    "codename": "view_produto"
  }
},
{
  "model": "auth.permission",
  "pk": 45,
  "fields": {
    "name": "Can add document",
    "content_type": 12,
    "codename": "add_document"
  }
},
{
  "model": "auth.permission",
  "pk": 46,
  "fields": {
    "name": "Can change document",
    "content_type": 12,
    "codename": "change_document"
  }
},
{
  "model": "auth.permission",
  "pk": 47,
  "fields": {
    "name": "Can delete document",
    "content_type": 12,
    "codename": "delete_document"
  }
},
{
  "model": "auth.permission",
  "pk": 48,
  "fields": {
    "name": "Can view document",
    "content_type": 12,
    "codename": "view_document"
  }
},
{
  "model": "auth.permission",
  "pk": 49,
  "fields": {
    "name": "Can add image",
    "content_type": 13,
    "codename": "add_image"
  }
},
{
  "model": "auth.permission",
  "pk": 50,
  "fields": {
    "name": "Can change image",
    "content_type": 13,
    "codename": "change_image"
  }
},
{
  "model": "auth.permission",
  "pk": 51,
  "fields": {
    "name": "Can delete image",
    "content_type": 13,
    "codename": "delete_image"
  }
},
{
  "model": "auth.permission",
  "pk": 52,
  "fields": {
    "name": "Can view image",
    "content_type": 13,
    "codename": "view_image"
  }
},
{
  "model": "auth.permission",
  "pk": 53,
  "fields": {
    "name": "Can add compra",
    "content_type": 14,
    "codename": "add_compra"
  }
},
{
  "model": "auth.permission",
  "pk": 54,
  "fields": {
    "name": "Can change compra",
    "content_type": 14,
    "codename": "change_compra"
  }
},
{
  "model": "auth.permission",
  "pk": 55,
  "fields": {
    "name": "Can delete compra",
    "content_type": 14,
    "codename": "delete_compra"
  }
},
{
  "model": "auth.permission",
  "pk": 56,
  "fields": {
    "name": "Can view compra",
    "content_type": 14,
    "codename": "view_compra"
  }
},
{
  "model": "auth.permission",
  "pk": 57,
  "fields": {
    "name": "Can add itens compra",
    "content_type": 15,
    "codename": "add_itenscompra"
  }
},
{
  "model": "auth.permission",
  "pk": 58,
  "fields": {
    "name": "Can change itens compra",
    "content_type": 15,
    "codename": "change_itenscompra"
  }
},
{
  "model": "auth.permission",
  "pk": 59,
  "fields": {
    "name": "Can delete itens compra",
    "content_type": 15,
    "codename": "delete_itenscompra"
  }
},
{
  "model": "auth.permission",
  "pk": 60,
  "fields": {
    "name": "Can view itens compra",
    "content_type": 15,
    "codename": "view_itenscompra"
  }
},
{
  "model": "auth.group",
  "pk": 1,
  "fields": {
    "name": "Funcionário",
    "permissions": [
      37,
      38,
      39,
      40,
      56,
      28,
      41,
      42,
      43,
      44
    ]
  }
},
{
  "model": "auth.group",
  "pk": 2,
  "fields": {
    "name": "Usuário",
    "permissions": [
      40,
      53,
      54,
      55,
      56,
      44
    ]
  }
},
{
  "model": "auth.group",
  "pk": 3,
  "fields": {
    "name": "Gerente",
    "permissions": [
      1,
      2,
      3,
      4,
      9,
      10,
      11,
      12,
      5,
      6,
      7,
      8,
      13,
      14,
      15,
      16,
      37,
      38,
      39,
      40,
      53,
      54,
      55,
      56,
      33,
      34,
      35,
      36,
      25,
      26,
      27,
      28,
      41,
      42,
      43,
      44,
      29,
      30,
      31,
      32,
      21,
      22,
      23,
      24,
      17,
      18,
      19,
      20,
      45,
      46,
      47,
      48,
      49,
      50,
      51,
      52
    ]
  }
},
{
  "model": "uploader.image",
  "pk": 1,
  "fields": {
    "attachment_key": "e100f443-5bde-40c7-bfa3-053c2e9b994b",
    "public_id": "1fbf3be7-7a8f-4b01-8423-e5645ae093ba",
    "file": "media/images/1fbf3be7-7a8f-4b01-8423-e5645ae093ba_j1dgtr",
    "description": "",
    "uploaded_on": "2025-08-30T22:23:21.267Z"
  }
},
{
  "model": "uploader.image",
  "pk": 2,
  "fields": {
    "attachment_key": "efdd6f6e-25b5-4a62-be1f-f5075c91c41a",
    "public_id": "fe585324-75de-4058-9e3c-ff87d51a2621",
    "file": "http:/191.52.55.157:19003/media/images/fe585324-75de-4058-9e3c-ff87d51a2621_tvfbpy",
    "description": "",
    "uploaded_on": "2025-09-11T13:53:15.425Z"
  }
},
{
  "model": "uploader.image",
  "pk": 3,
  "fields": {
    "attachment_key": "b183a9a7-f0b7-4fe1-b06f-6b17d7392c08",
    "public_id": "401ed1f6-6048-4a59-b7d6-c561972f6d48",
    "file": "http:/191.52.55.157:19003/media/images/401ed1f6-6048-4a59-b7d6-c561972f6d48_o1jhvb",
    "description": "",
    "uploaded_on": "2025-09-11T13:56:06.254Z"
  }
},
{
  "model": "uploader.image",
  "pk": 4,
  "fields": {
    "attachment_key": "74103437-5185-403a-9932-dee518fefc6b",
    "public_id": "8615a1df-dd65-47ec-9919-9a9c65ffb52a",
    "file": "http:/191.52.55.157:19003/media/images/8615a1df-dd65-47ec-9919-9a9c65ffb52a_fdbcvr",
    "description": "",
    "uploaded_on": "2025-09-11T13:56:49.028Z"
  }
},
{
  "model": "uploader.image",
  "pk": 5,
  "fields": {
    "attachment_key": "029adbab-785b-43ef-9d53-b5d0d70e455f",
    "public_id": "20a00863-7c7f-45c9-8321-50c75fbcfe97",
    "file": "http:/191.52.55.157:19003/media/images/20a00863-7c7f-45c9-8321-50c75fbcfe97_fcxwfo",
    "description": "",
    "uploaded_on": "2025-09-11T13:57:49.464Z"
  }
},
{
  "model": "uploader.image",
  "pk": 6,
  "fields": {
    "attachment_key": "9a1df5e0-25e6-46e3-a5a6-68ef5eb0f1d2",
    "public_id": "1ed37a6b-a6fe-4a38-87b6-19443bb10dd5",
    "file": "http:/191.52.55.157:19003/media/images/1ed37a6b-a6fe-4a38-87b6-19443bb10dd5_veeik5",
    "description": "",
    "uploaded_on": "2025-09-11T13:59:48.416Z"
  }
},
{
  "model": "uploader.image",
  "pk": 7,
  "fields": {
    "attachment_key": "37625db2-8376-4b45-932d-cfc69417d0b0",
    "public_id": "7f05f00c-6005-41ba-b568-d0ea7325d8e2",
    "file": "http:/191.52.55.157:19003/media/images/7f05f00c-6005-41ba-b568-d0ea7325d8e2_ka2fzj",
    "description": "",
    "uploaded_on": "2025-09-11T14:00:31.458Z"
  }
},
{
  "model": "uploader.image",
  "pk": 8,
  "fields": {
    "attachment_key": "a2be19f3-a74d-479d-9ce8-a99b291bf1cb",
    "public_id": "6c9e9dbf-42ea-43a3-8c4c-d4f278faaf6d",
    "file": "http:/191.52.55.157:19003/media/images/6c9e9dbf-42ea-43a3-8c4c-d4f278faaf6d_wnxnh4",
    "description": "",
    "uploaded_on": "2025-09-11T14:01:07.722Z"
  }
},
{
  "model": "uploader.image",
  "pk": 9,
  "fields": {
    "attachment_key": "8744f86c-98b3-4cb5-899b-01b37ea508a7",
    "public_id": "a48627f7-5200-44e8-8790-1d28e63391f6",
    "file": "http:/191.52.55.157:19003/media/images/a48627f7-5200-44e8-8790-1d28e63391f6_zb6iek",
    "description": "",
    "uploaded_on": "2025-09-11T14:01:42.107Z"
  }
},
{
  "model": "uploader.image",
  "pk": 10,
  "fields": {
    "attachment_key": "a88c6dd8-1751-4018-9174-6bfc4b9a2af0",
    "public_id": "00787a7f-79ea-448d-bfea-fcf9dbe6183c",
    "file": "images/00787a7f-79ea-448d-bfea-fcf9dbe6183c.png",
    "description": "",
    "uploaded_on": "2025-09-12T11:33:33.679Z"
  }
},
{
  "model": "uploader.image",
  "pk": 11,
  "fields": {
    "attachment_key": "3732855e-395b-4aec-bf60-5f398fec2d60",
    "public_id": "2f4579be-aa73-4fca-b77d-502b6f243dbe",
    "file": "images/2f4579be-aa73-4fca-b77d-502b6f243dbe.png",
    "description": "Sorvete Mirtilo",
    "uploaded_on": "2025-09-12T11:33:52.759Z"
  }
},
{
  "model": "uploader.image",
  "pk": 12,
  "fields": {
    "attachment_key": "bd32ca15-a5b6-438e-b1c8-7c9e89023fff",
    "public_id": "b09b8092-fd8b-466c-b6d8-44a3de2565c6",
    "file": "images/b09b8092-fd8b-466c-b6d8-44a3de2565c6.png",
    "description": "",
    "uploaded_on": "2025-09-25T14:03:40.812Z"
  }
},
{
  "model": "uploader.image",
  "pk": 13,
  "fields": {
    "attachment_key": "a52abeed-c2cf-43d9-9621-4389ec4f18cc",
    "public_id": "2cf90f23-b476-4518-8620-75cad0931ecf",
    "file": "images/2cf90f23-b476-4518-8620-75cad0931ecf.png",
    "description": "",
    "uploaded_on": "2025-09-25T14:03:52.206Z"
  }
},
{
  "model": "uploader.image",
  "pk": 14,
  "fields": {
    "attachment_key": "7ac7f8cf-6f7a-406b-9bf3-59360ceac721",
    "public_id": "9747c241-9498-46d1-86ae-58d0dd33c29f",
    "file": "images/9747c241-9498-46d1-86ae-58d0dd33c29f.png",
    "description": "",
    "uploaded_on": "2025-09-25T14:04:09.678Z"
  }
},
{
  "model": "uploader.image",
  "pk": 15,
  "fields": {
    "attachment_key": "a6428083-7cd6-4d67-b3b8-271bec3b4423",
    "public_id": "28cb698c-5ca9-43cb-9229-8cb0fdf07f86",
    "file": "images/28cb698c-5ca9-43cb-9229-8cb0fdf07f86.png",
    "description": "",
    "uploaded_on": "2025-09-25T14:04:21.590Z"
  }
},
{
  "model": "uploader.image",
  "pk": 16,
  "fields": {
    "attachment_key": "963354a7-1f68-4bf3-a0b9-bc797658d38c",
    "public_id": "d7988f82-1608-4592-b4b6-fd0106f2be50",
    "file": "images/d7988f82-1608-4592-b4b6-fd0106f2be50.png",
    "description": "",
    "uploaded_on": "2025-09-25T14:04:34.014Z"
  }
},
{
  "model": "uploader.image",
  "pk": 17,
  "fields": {
    "attachment_key": "8410cdac-4427-4a58-b8f1-409a784ac551",
    "public_id": "0b720bdc-20dd-44aa-8cb1-64b9d7552382",
    "file": "images/0b720bdc-20dd-44aa-8cb1-64b9d7552382.png",
    "description": "",
    "uploaded_on": "2025-09-25T14:04:44.758Z"
  }
},
{
  "model": "uploader.image",
  "pk": 18,
  "fields": {
    "attachment_key": "77f902f0-e593-475e-815d-721bbc2b72ee",
    "public_id": "f72aecf3-e6f5-4d49-a8a5-ee759c6c35e1",
    "file": "images/f72aecf3-e6f5-4d49-a8a5-ee759c6c35e1.png",
    "description": "",
    "uploaded_on": "2025-09-25T14:04:57.646Z"
  }
},
{
  "model": "uploader.image",
  "pk": 19,
  "fields": {
    "attachment_key": "ed63f5c2-e4d7-4d74-a674-77175b8ec731",
    "public_id": "99fdc96b-c0f6-4be9-a11e-f2127c01c9af",
    "file": "images/99fdc96b-c0f6-4be9-a11e-f2127c01c9af.png",
    "description": "",
    "uploaded_on": "2025-09-25T14:06:32.278Z"
  }
},
{
  "model": "uploader.image",
  "pk": 20,
  "fields": {
    "attachment_key": "dce8d567-1a42-4f56-919c-8ce3e0f3fe14",
    "public_id": "dd97a6ce-ffd9-45c2-962b-e8bd0c51e163",
    "file": "images/dd97a6ce-ffd9-45c2-962b-e8bd0c51e163.png",
    "description": "",
    "uploaded_on": "2025-10-02T14:35:20.829Z"
  }
},
{
  "model": "uploader.image",
  "pk": 21,
  "fields": {
    "attachment_key": "1537f771-da87-44ee-8384-8baa9b9a78eb",
    "public_id": "65dbf8d2-e228-432c-8e07-4df6191fb46b",
    "file": "images/65dbf8d2-e228-432c-8e07-4df6191fb46b.png",
    "description": "",
    "uploaded_on": "2025-10-02T14:37:50.473Z"
  }
},
{
  "model": "uploader.image",
  "pk": 22,
  "fields": {
    "attachment_key": "7d13d799-5057-48f4-860b-8d3388291d70",
    "public_id": "84dea6bc-c589-41c3-bf3f-e1550cb8279d",
    "file": "images/84dea6bc-c589-41c3-bf3f-e1550cb8279d.png",
    "description": "",
    "uploaded_on": "2025-10-02T14:39:08.522Z"
  }
},
{
  "model": "uploader.image",
  "pk": 23,
  "fields": {
    "attachment_key": "77b2267e-21a4-4726-9355-41c27f91fad3",
    "public_id": "d02c4663-b652-4955-8877-d6c287092b1f",
    "file": "images/d02c4663-b652-4955-8877-d6c287092b1f.png",
    "description": "",
    "uploaded_on": "2025-10-02T14:40:33.960Z"
  }
},
{
  "model": "uploader.image",
  "pk": 24,
  "fields": {
    "attachment_key": "4438be75-58f9-44e4-a10b-3a28b666b0f0",
    "public_id": "6ee6d056-f8ea-4177-956f-c16c991c6b3b",
    "file": "images/6ee6d056-f8ea-4177-956f-c16c991c6b3b.png",
    "description": "",
    "uploaded_on": "2025-10-02T14:41:51.976Z"
  }
},
{
  "model": "uploader.image",
  "pk": 25,
  "fields": {
    "attachment_key": "065a5173-8d88-474f-b7a4-1c248810c90d",
    "public_id": "ab4cb153-33a9-4603-b1e1-633c132c2154",
    "file": "images/ab4cb153-33a9-4603-b1e1-633c132c2154.png",
    "description": "",
    "uploaded_on": "2025-10-02T14:43:06.399Z"
  }
},
{
  "model": "uploader.image",
  "pk": 26,
  "fields": {
    "attachment_key": "2fedbfe5-a397-4660-acf1-e5128b7a985b",
    "public_id": "1ce403e1-29d5-411c-a62c-2b3332c85137",
    "file": "images/1ce403e1-29d5-411c-a62c-2b3332c85137.png",
    "description": "",
    "uploaded_on": "2025-10-02T14:44:06.496Z"
  }
},
{
  "model": "uploader.image",
  "pk": 27,
  "fields": {
    "attachment_key": "1fd8b6d3-9eca-44b7-9471-755f926f8204",
    "public_id": "f57e3e3d-4b46-4d7d-a196-a4b49b656784",
    "file": "images/f57e3e3d-4b46-4d7d-a196-a4b49b656784.png",
    "description": "",
    "uploaded_on": "2025-10-02T14:44:45.775Z"
  }
},
{
  "model": "uploader.image",
  "pk": 28,
  "fields": {
    "attachment_key": "2316424f-865a-4b04-b4f6-47fdb2419c2b",
    "public_id": "7cd7a7d7-5e68-4f99-8cf1-2c6952a3d361",
    "file": "images/7cd7a7d7-5e68-4f99-8cf1-2c6952a3d361.png",
    "description": "",
    "uploaded_on": "2025-10-02T14:47:46.263Z"
  }
},
{
  "model": "uploader.image",
  "pk": 29,
  "fields": {
    "attachment_key": "57ba8824-5f1a-48cf-9f1d-a18ce6f5eb77",
    "public_id": "13ca4038-6ff4-422b-940d-4762817e5af5",
    "file": "images/13ca4038-6ff4-422b-940d-4762817e5af5.png",
    "description": "",
    "uploaded_on": "2025-10-02T14:48:24.031Z"
  }
},
{
  "model": "uploader.image",
  "pk": 30,
  "fields": {
    "attachment_key": "e3722308-8e59-4e39-a441-863bdaef4245",
    "public_id": "9db85442-f8b3-4ba2-b745-d1c54391bc41",
    "file": "images/9db85442-f8b3-4ba2-b745-d1c54391bc41.png",
    "description": "",
    "uploaded_on": "2025-10-02T14:49:15.311Z"
  }
},
{
  "model": "uploader.image",
  "pk": 31,
  "fields": {
    "attachment_key": "660cd600-d090-49c2-82a1-000cc020df23",
    "public_id": "3c2a9f8b-b0cf-4b8d-b581-cf3c2a698331",
    "file": "images/3c2a9f8b-b0cf-4b8d-b581-cf3c2a698331.png",
    "description": "",
    "uploaded_on": "2025-10-02T14:50:07.831Z"
  }
},
{
  "model": "uploader.image",
  "pk": 32,
  "fields": {
    "attachment_key": "682107ba-6175-4d70-9501-231350eda270",
    "public_id": "0b785c15-3fd8-45ef-87ee-b149af5b6b0a",
    "file": "images/0b785c15-3fd8-45ef-87ee-b149af5b6b0a.png",
    "description": "",
    "uploaded_on": "2025-10-02T14:50:40.367Z"
  }
},
{
  "model": "uploader.image",
  "pk": 33,
  "fields": {
    "attachment_key": "bfccc8c7-3ec1-4b03-95b5-dd60d843d610",
    "public_id": "241679ed-0efa-41d0-ba21-40f9d578e0b1",
    "file": "images/241679ed-0efa-41d0-ba21-40f9d578e0b1.png",
    "description": "",
    "uploaded_on": "2025-10-02T14:51:15.604Z"
  }
},
{
  "model": "uploader.image",
  "pk": 34,
  "fields": {
    "attachment_key": "5ddcb66f-5e2e-450e-89ff-fa9dc022f5dd",
    "public_id": "0c5ff8b5-8f5a-40b1-91d9-a6a3d36851ab",
    "file": "images/0c5ff8b5-8f5a-40b1-91d9-a6a3d36851ab.png",
    "description": "",
    "uploaded_on": "2025-10-02T14:51:45.071Z"
  }
},
{
  "model": "uploader.image",
  "pk": 35,
  "fields": {
    "attachment_key": "21c13402-946d-4d42-b981-f3acc3d3545d",
    "public_id": "36af0b0b-a2f6-4d44-92b8-5a3f81de9014",
    "file": "images/36af0b0b-a2f6-4d44-92b8-5a3f81de9014.png",
    "description": "",
    "uploaded_on": "2025-10-03T12:07:02.980Z"
  }
},
{
  "model": "uploader.image",
  "pk": 36,
  "fields": {
    "attachment_key": "b0dd0ebb-968f-4f8b-9782-1c80dff0b8b5",
    "public_id": "d442704e-c2ac-4682-9788-9ca3d1ef05ea",
    "file": "images/d442704e-c2ac-4682-9788-9ca3d1ef05ea.png",
    "description": "",
    "uploaded_on": "2025-10-03T12:08:17.171Z"
  }
},
{
  "model": "uploader.image",
  "pk": 37,
  "fields": {
    "attachment_key": "839da180-9586-4f0d-b153-ab18ca3ab3a9",
    "public_id": "b09f4ded-ca92-4db0-a0ce-9bd1f31f355f",
    "file": "images/b09f4ded-ca92-4db0-a0ce-9bd1f31f355f.png",
    "description": "",
    "uploaded_on": "2025-10-03T12:09:10.931Z"
  }
},
{
  "model": "uploader.image",
  "pk": 38,
  "fields": {
    "attachment_key": "4c0dd69c-a8ec-4c01-8aa9-4f85ec59223c",
    "public_id": "1c1ea7cc-9b29-40a4-98fd-6990aa40c8f3",
    "file": "images/1c1ea7cc-9b29-40a4-98fd-6990aa40c8f3.png",
    "description": "",
    "uploaded_on": "2025-10-03T12:09:55.946Z"
  }
},
{
  "model": "uploader.image",
  "pk": 39,
  "fields": {
    "attachment_key": "c3933a89-feea-4993-9a0b-c8d22ad3972e",
    "public_id": "3a6ac8d7-76ff-4c5b-9e08-f6ac9563572a",
    "file": "images/3a6ac8d7-76ff-4c5b-9e08-f6ac9563572a.png",
    "description": "",
    "uploaded_on": "2025-10-03T12:10:41.634Z"
  }
},
{
  "model": "uploader.image",
  "pk": 40,
  "fields": {
    "attachment_key": "a0412b5e-5fea-4643-9459-7c201c888594",
    "public_id": "45d2ed12-a983-44dc-8af5-46572278e7d4",
    "file": "images/45d2ed12-a983-44dc-8af5-46572278e7d4.png",
    "description": "",
    "uploaded_on": "2025-10-03T12:11:21.866Z"
  }
},
{
  "model": "uploader.image",
  "pk": 41,
  "fields": {
    "attachment_key": "697105a2-ea64-4320-9e5e-c745d6b02417",
    "public_id": "da13243b-c1aa-4e5c-91c1-658dbde36b65",
    "file": "images/da13243b-c1aa-4e5c-91c1-658dbde36b65.png",
    "description": "",
    "uploaded_on": "2025-10-03T12:11:57.514Z"
  }
},
{
  "model": "uploader.image",
  "pk": 42,
  "fields": {
    "attachment_key": "2df6b039-db73-4598-b9a8-f9f3f5baac9b",
    "public_id": "756d5830-1b9d-466a-9115-55efa7e301a7",
    "file": "images/756d5830-1b9d-466a-9115-55efa7e301a7.png",
    "description": "",
    "uploaded_on": "2025-10-03T12:17:01.455Z"
  }
},
{
  "model": "uploader.image",
  "pk": 43,
  "fields": {
    "attachment_key": "c11ad1e6-399d-4e5e-81c1-275c72a1792e",
    "public_id": "6fa4edf8-8993-46df-aa3f-ea6f31a1fdfa",
    "file": "images/6fa4edf8-8993-46df-aa3f-ea6f31a1fdfa.png",
    "description": "",
    "uploaded_on": "2025-10-03T12:17:30.568Z"
  }
},
{
  "model": "uploader.image",
  "pk": 44,
  "fields": {
    "attachment_key": "dc983f7a-d50f-4617-8942-f2ee8fb31bd4",
    "public_id": "f1f5acc6-75df-4b8b-a1ef-7498b97c9250",
    "file": "images/f1f5acc6-75df-4b8b-a1ef-7498b97c9250.png",
    "description": "",
    "uploaded_on": "2025-10-03T12:18:01.663Z"
  }
},
{
  "model": "uploader.image",
  "pk": 45,
  "fields": {
    "attachment_key": "f11ef762-87a9-4b91-900b-9aaac4439c01",
    "public_id": "1b88e567-9c1b-4e5f-92cf-0e37c099fc69",
    "file": "images/1b88e567-9c1b-4e5f-92cf-0e37c099fc69.png",
    "description": "",
    "uploaded_on": "2025-10-03T12:18:44.027Z"
  }
},
{
  "model": "uploader.image",
  "pk": 46,
  "fields": {
    "attachment_key": "b87b40a6-32e8-4014-8b97-edc9742b6956",
    "public_id": "4cd7373e-cac9-4dcd-b257-8701bc31818a",
    "file": "images/4cd7373e-cac9-4dcd-b257-8701bc31818a.png",
    "description": "",
    "uploaded_on": "2025-10-03T12:19:18.375Z"
  }
},
{
  "model": "uploader.image",
  "pk": 47,
  "fields": {
    "attachment_key": "093ceb5c-8414-4180-a8db-01cb2fe0bfec",
    "public_id": "ba267050-fa15-47e8-bd37-0794085a6529",
    "file": "images/ba267050-fa15-47e8-bd37-0794085a6529.png",
    "description": "",
    "uploaded_on": "2025-10-03T12:19:43.751Z"
  }
},
{
  "model": "uploader.image",
  "pk": 48,
  "fields": {
    "attachment_key": "06b49112-d76d-4312-8c3e-0b7f85cb5bf6",
    "public_id": "b21bfc95-0595-4537-bd64-4d53419b9aea",
    "file": "images/b21bfc95-0595-4537-bd64-4d53419b9aea.png",
    "description": "",
    "uploaded_on": "2025-10-03T12:20:11.959Z"
  }
},
{
  "model": "uploader.image",
  "pk": 49,
  "fields": {
    "attachment_key": "7fc7df60-bf32-4f6c-8a0b-90b8ace59365",
    "public_id": "66a9b8ae-405d-4c4e-9503-e6303484eee9",
    "file": "images/66a9b8ae-405d-4c4e-9503-e6303484eee9.png",
    "description": "",
    "uploaded_on": "2025-10-03T12:20:42.046Z"
  }
},
{
  "model": "core.user",
  "pk": 1,
  "fields": {
    "password": "pbkdf2_sha256$720000$3UASVRfnCnaeFfvZSnQH1Q$tDhaD0/jqYC4S6w54ocZwyEXfBDgwifcQ8oEQ2FQSB0=",
    "last_login": "2024-08-27T12:18:08.250Z",
    "is_superuser": true,
    "passage_id": "324321544235435",
    "email": "a@a.com",
    "name": "Superusuário",
    "is_active": true,
    "is_staff": true,
    "groups": [],
    "user_permissions": []
  }
},
{
  "model": "core.user",
  "pk": 2,
  "fields": {
    "password": "!guOeigiAEXjwTck0ZQ9oI58VjCo7jdEJhTzzyREJ",
    "last_login": null,
    "is_superuser": false,
    "passage_id": "hdxkeqXbF8bp1Ql3dNJ0PoTB",
    "email": "marcoandre@gmail.com",
    "name": null,
    "is_active": true,
    "is_staff": false,
    "groups": [],
    "user_permissions": []
  }
},
{
  "model": "core.user",
  "pk": 9,
  "fields": {
    "password": "pbkdf2_sha256$1000000$1GQT0Tw2IfBz5QiSb99UoY$7aoig0VWOZ2G+Bg7B3WkKvQP2dLEIM34sAoJSRbZzwg=",
    "last_login": null,
    "is_superuser": false,
    "passage_id": "96k4LlMyazll91USilVKGqp6",
    "email": "luizaescarbandasil@gmail.com",
    "name": null,
    "is_active": true,
    "is_staff": true,
    "foto": null,
    "cpf": null,
    "cep": null,
    "groups": [],
    "user_permissions": []
  }
},
{
  "model": "core.categoria",
  "pk": 2,
  "fields": {
    "nome": "Picolé",
    "descricao": "Em meio à correria do dia a dia, existem pequenos prazeres capazes de transformar nossa rotina em momentos leves e cheios de sabor. Um desses prazeres é tomar um picolé. A cada mordida geladinha, o calor vai embora, o corpo se refresca e a mente encontra uma pausa merecida. Mais do que uma sobremesa, o picolé é um convite para voltar à infância, relembrar dias ensolarados, sorrisos espontâneos e aquela sensação boa de simplicidade."
  }
},
{
  "model": "core.categoria",
  "pk": 3,
  "fields": {
    "nome": "Sorvete de pote",
    "descricao": "Chegou a hora de transformar seu dia em um momento inesquecível: abra um pote de sorvete e descubra a verdadeira magia que só um sabor gelado e cremoso pode proporcionar. Não é apenas uma sobremesa, é uma explosão de felicidade a cada colherada, um abraço doce que refresca, conforta e traz aquela sensação única de prazer."
  }
},
{
  "model": "core.categoria",
  "pk": 4,
  "fields": {
    "nome": "Geladinho",
    "descricao": "Quando o calor aperta e a rotina parece cansativa, não há prazer mais simples e especial do que saborear um geladinho bem gelado: ele refresca, desperta memórias de infância, traz aquele toque de alegria nas tardes quentes e, com seus sabores variados e coloridos, é capaz de transformar qualquer instante comum em um momento de leveza, frescor e felicidade compartilhada."
  }
},
{
  "model": "core.categoria",
  "pk": 5,
  "fields": {
    "nome": "Sorvete",
    "descricao": "Muito mais do que uma sobremesa saborosa, o sorvete pode oferecer diversos benefícios quando consumido com moderação. Por ser feito com leite ou ingredientes naturais, ele contém cálcio e fósforo, importantes para a saúde dos ossos e dos dentes. Além disso, o sorvete é uma fonte rápida de energia, ideal para momentos em que precisamos de um estímulo extra. E não para por aí: ele também pode melhorar o humor, já que estimula a liberação de dopamina, o neurotransmissor responsável pela sensação de"
  }
},
{
  "model": "core.categoria",
  "pk": 6,
  "fields": {
    "nome": "Açaí",
    "descricao": "O açaí é rico em antioxidantes, que ajudam a combater os radicais livres e a prevenir o envelhecimento precoce e algumas doenças. Também é bom para a saúde do coração, já que possui gorduras boas que contribuem para o controle do colesterol. Outro ponto importante é que ele fornece bastante energia, sendo muito útil para quem pratica atividades físicas, pois ajuda na recuperação muscular e dá disposição."
  }
},
{
  "model": "core.produto",
  "pk": 1,
  "fields": {
    "nome": "Picolé de Maracuja",
    "descricao": "Refresque-se com o sabor intenso do nosso picolé de maracujá, feito com suco natural e pedacinhos crocantes de grãos de maracujá. Uma explosão de frescor e textura que vai despertar todos os seus sentidos!",
    "preco": "7.90",
    "categoria": 2,
    "imagem": 19
  }
},
{
  "model": "core.produto",
  "pk": 2,
  "fields": {
    "nome": "Sorvete de Morango",
    "descricao": "Um clássico refrescante que encanta todos os amantes de sorvete. Delicie-se com a suavidade e o sabor natural do morango, em uma combinação perfeita para todos os momentos.",
    "preco": "7.90",
    "categoria": 5,
    "imagem": 18
  }
},
{
  "model": "core.produto",
  "pk": 3,
  "fields": {
    "nome": "Taça de Morango",
    "descricao": "Perfeita para quem não resiste a um doce cremoso e frutado! Uma taça elegante com camadas de sorvete de morango, complementada com frutas frescas. Ideal para quem ama uma sobremesa completa e cheia de sabor.",
    "preco": "11.00",
    "categoria": 5,
    "imagem": 17
  }
},
{
  "model": "core.produto",
  "pk": 4,
  "fields": {
    "nome": "Casquinha de Chocolate",
    "descricao": "Sorvete cremoso de chocolate servido em uma deliciosa casquinha crocante. Para os fãs de chocolate, essa combinação é a escolha ideal para matar a vontade de um doce irresistível.",
    "preco": "10.00",
    "categoria": 5,
    "imagem": 16
  }
},
{
  "model": "core.produto",
  "pk": 5,
  "fields": {
    "nome": "Sorvete de Chocolate com Calda",
    "descricao": "A fusão perfeita de chocolate cremoso com uma calda decadente. Uma experiência única que vai te conquistar em cada colherada. Aproveite o toque extra de indulgência que essa delícia traz!",
    "preco": "9.00",
    "categoria": 5,
    "imagem": 15
  }
},
{
  "model": "core.produto",
  "pk": 6,
  "fields": {
    "nome": "Casquinha de Morango",
    "descricao": "O sabor leve e refrescante do sorvete de morango na crocante casquinha. Perfeito para qualquer hora do dia, com a doçura e frescor do morango, esse é o sorvete ideal para uma pausa deliciosa.",
    "preco": "8.00",
    "categoria": 5,
    "imagem": 14
  }
},
{
  "model": "core.produto",
  "pk": 7,
  "fields": {
    "nome": "Sorvete de Milho",
    "descricao": "Experimente o sabor único do milho verde! Uma mistura suave e cremosa que traz a essência da verdadeira tradição brasileira. Uma opção diferente e deliciosa para quem busca um gosto mais autêntico e original.",
    "preco": "15.01",
    "categoria": 5,
    "imagem": 13
  }
},
{
  "model": "core.produto",
  "pk": 8,
  "fields": {
    "nome": "Sorvete de Menta",
    "descricao": "Refresque-se com o sorvete de menta, uma explosão de frescor e suavidade. O equilíbrio perfeito entre o doce e o refrescante, ideal para os dias quentes ou para quem ama um toque de menta.",
    "preco": "13.00",
    "categoria": 5,
    "imagem": 12
  }
},
{
  "model": "core.produto",
  "pk": 9,
  "fields": {
    "nome": "Sorvete de Mirtilo",
    "descricao": "O sabor suave e frutado do mirtilo, que combina um toque de doçura com um leve sabor ácido. Uma opção saborosa e saudável, perfeita para quem busca uma alternativa única aos sorvetes tradicionais.",
    "preco": "12.00",
    "categoria": 5,
    "imagem": 11
  }
},
{
  "model": "core.produto",
  "pk": 10,
  "fields": {
    "nome": "Açaí com Frutas",
    "descricao": "Refresque-se com o sabor natural e revitalizante do açaí combinado com uma variedade de frutas frescas! Uma opção saudável e saborosa para quem busca energia e frescor em cada colherada.",
    "preco": "7.90",
    "categoria": 6,
    "imagem": 20
  }
},
{
  "model": "core.produto",
  "pk": 11,
  "fields": {
    "nome": "Açaí com Morango",
    "descricao": "Uma explosão de sabores! Um copo de açaí com morangos frescos, criando uma combinação perfeita de doce e refrescante. Ideal para quem ama açaí e frutas em uma mesma experiência deliciosa.",
    "preco": "11.00",
    "categoria": 6,
    "imagem": 21
  }
},
{
  "model": "core.produto",
  "pk": 12,
  "fields": {
    "nome": "Açaí da Alegria",
    "descricao": "Açaí cremoso com pedacinhos de chocolate, criando uma experiência doce e divertida. Para os amantes de chocolate, essa é uma combinação irresistível que traz felicidade a cada mordida!",
    "preco": "10.00",
    "categoria": 6,
    "imagem": 22
  }
},
{
  "model": "core.produto",
  "pk": 13,
  "fields": {
    "nome": "Açaí com Calda de Chocolate",
    "descricao": "Açaí com calda de chocolate irresistível! Uma mistura cremosa e deliciosa que combina o sabor único do açaí com a doçura do chocolate, criando uma sobremesa perfeita para os amantes de sabores intensos.",
    "preco": "15.00",
    "categoria": 6,
    "imagem": 23
  }
},
{
  "model": "core.produto",
  "pk": 14,
  "fields": {
    "nome": "Açaí com Banana",
    "descricao": "Açaí cremoso com banana e uma deliciosa trufa, criando uma combinação suave e sofisticada. Perfeito para quem adora sabores doces e intensos, ideal para saborear em qualquer momento do dia.",
    "preco": "8.00",
    "categoria": 6,
    "imagem": 24
  }
},
{
  "model": "core.produto",
  "pk": 15,
  "fields": {
    "nome": "Açaí com Oreo",
    "descricao": "O clássico Oreo se encontra com o açaí cremoso, criando uma sobremesa única e deliciosa. Se você é fã dos biscoitos Oreo, não pode perder essa mistura saborosa e irresistível!",
    "preco": "15.00",
    "categoria": 6,
    "imagem": 25
  }
},
{
  "model": "core.produto",
  "pk": 16,
  "fields": {
    "nome": "Açaí da Felicidade",
    "descricao": "Açaí cremoso, frutas frescas e um toque de sabor especial para uma combinação de felicidade em cada colherada! Uma mistura que vai te deixar animado e satisfeito a cada porção.",
    "preco": "13.00",
    "categoria": 6,
    "imagem": 26
  }
},
{
  "model": "core.produto",
  "pk": 17,
  "fields": {
    "nome": "Açaí Puro",
    "descricao": "O verdadeiro sabor do açaí, em sua versão mais pura e autêntica. Para quem ama o sabor original e quer sentir a energia e frescor do açaí em sua forma mais natural.",
    "preco": "12.00",
    "categoria": 6,
    "imagem": 27
  }
},
{
  "model": "core.produto",
  "pk": 18,
  "fields": {
    "nome": "Picolé de Morango",
    "descricao": "morango",
    "preco": "11.00",
    "categoria": 2,
    "imagem": 28
  }
},
{
  "model": "core.produto",
  "pk": 19,
  "fields": {
    "nome": "Picolé de Limão",
    "descricao": "Limão",
    "preco": "10.00",
    "categoria": 2,
    "imagem": 29
  }
},
{
  "model": "core.produto",
  "pk": 20,
  "fields": {
    "nome": "Picolé Trufado",
    "descricao": "Trufado",
    "preco": "9.00",
    "categoria": 2,
    "imagem": 30
  }
},
{
  "model": "core.produto",
  "pk": 21,
  "fields": {
    "nome": "Picolé Dual Color",
    "descricao": "Picolé de Morango e laranja",
    "preco": "8.00",
    "categoria": 2,
    "imagem": 31
  }
},
{
  "model": "core.produto",
  "pk": 22,
  "fields": {
    "nome": "Picolé de Oreo",
    "descricao": "Oreo",
    "preco": "15.00",
    "categoria": 2,
    "imagem": 32
  }
},
{
  "model": "core.produto",
  "pk": 23,
  "fields": {
    "nome": "Picolé de Melancia",
    "descricao": "melancia",
    "preco": "10.00",
    "categoria": 2,
    "imagem": 33
  }
},
{
  "model": "core.produto",
  "pk": 24,
  "fields": {
    "nome": "Picolé de Chiclete",
    "descricao": "Chiclete",
    "preco": "12.00",
    "categoria": 2,
    "imagem": 34
  }
},
{
  "model": "core.produto",
  "pk": 25,
  "fields": {
    "nome": "Geladinho de Morango",
    "descricao": "Geladinho de Morango",
    "preco": "7.90",
    "categoria": 4,
    "imagem": 35
  }
},
{
  "model": "core.produto",
  "pk": 26,
  "fields": {
    "nome": "Geladinho com Recheio",
    "descricao": "Geladinho com calde de chocolate e morango",
    "preco": "11.00",
    "categoria": 4,
    "imagem": 36
  }
},
{
  "model": "core.produto",
  "pk": 27,
  "fields": {
    "nome": "Geladinho Dual",
    "descricao": "Geladinho de chocolate branco e de chocolate preto",
    "preco": "10.00",
    "categoria": 4,
    "imagem": 37
  }
},
{
  "model": "core.produto",
  "pk": 28,
  "fields": {
    "nome": "Geladinho  Sensação",
    "descricao": "geladinho de morango e de chocolate",
    "preco": "8.00",
    "categoria": 4,
    "imagem": 38
  }
},
{
  "model": "core.produto",
  "pk": 29,
  "fields": {
    "nome": "Geladinho de Oreo",
    "descricao": "Geladinho de Oreo",
    "preco": "15.00",
    "categoria": 4,
    "imagem": 39
  }
},
{
  "model": "core.produto",
  "pk": 30,
  "fields": {
    "nome": "Geladinho De Ouro Branco",
    "descricao": "Geladinho de Ouro Branco",
    "preco": "15.00",
    "categoria": 4,
    "imagem": 40
  }
},
{
  "model": "core.produto",
  "pk": 31,
  "fields": {
    "nome": "Geladinho de Creme",
    "descricao": "Geladinho de Creme",
    "preco": "10.00",
    "categoria": 4,
    "imagem": 41
  }
},
{
  "model": "core.produto",
  "pk": 32,
  "fields": {
    "nome": "Pote Caramelo",
    "descricao": "Pote Caramelo",
    "preco": "7.90",
    "categoria": 3,
    "imagem": 42
  }
},
{
  "model": "core.produto",
  "pk": 33,
  "fields": {
    "nome": "Pote",
    "descricao": "Pote",
    "preco": "11.00",
    "categoria": 3,
    "imagem": 43
  }
},
{
  "model": "core.produto",
  "pk": 34,
  "fields": {
    "nome": "Pote Pistache",
    "descricao": "Pote pistache",
    "preco": "10.00",
    "categoria": 3,
    "imagem": 44
  }
},
{
  "model": "core.produto",
  "pk": 35,
  "fields": {
    "nome": "Pote de Morango",
    "descricao": "Morango",
    "preco": "9.00",
    "categoria": 3,
    "imagem": 45
  }
},
{
  "model": "core.produto",
  "pk": 36,
  "fields": {
    "nome": "Pote Abacaxi",
    "descricao": "Abacaxi",
    "preco": "8.00",
    "categoria": 3,
    "imagem": 46
  }
},
{
  "model": "core.produto",
  "pk": 37,
  "fields": {
    "nome": "Pote Uva",
    "descricao": "Uva",
    "preco": "15.00",
    "categoria": 3,
    "imagem": 47
  }
},
{
  "model": "core.produto",
  "pk": 38,
  "fields": {
    "nome": "Pote Bolo vermelho",
    "descricao": "Bolo Vermelho",
    "preco": "15.00",
    "categoria": 3,
    "imagem": 48
  }
},
{
  "model": "core.produto",
  "pk": 39,
  "fields": {
    "nome": "Pote de Creme",
    "descricao": "Creme",
    "preco": "10.00",
    "categoria": 3,
    "imagem": 49
  }
},
{
  "model": "core.compra",
  "pk": 1,
  "fields": {
    "usuario": 9,
    "status": 3
  }
},
{
  "model": "core.itenscompra",
  "pk": 1,
  "fields": {
    "compra": 1,
    "produto": 25,
    "quantidade": 4
  }
}
]
